CDR Code,Date,Holiday / Event,Settlement Information,Trading Information,Comment
TE,1/1/2019,New Year's Day,No Settlement,,
TE,3/31/2019,Daylight Saving Begins,No Settlement,,Weekend
TE,4/19/2019,Good Friday,No Settlement,,
TE,4/22/2019,Easter Monday,No Settlement,,
TE,5/1/2019,Labour Day,No Settlement,,
TE,11/2/2019,Daylight Saving Ends,No Settlement,,Weekend
TE,12/25/2019,Christmas Day,No Settlement,,
TE,12/26/2019,Christmas Holiday,No Settlement,,
FD,1/1/2019,New Year's Day,No Settlement,,
FD,1/21/2019,Martin L. King Day,No Settlement,,
FD,2/18/2019,Presidents' Day,No Settlement,,
FD,5/27/2019,Memorial Day,No Settlement,,
FD,7/4/2019,Independence Day,No Settlement,,
FD,9/2/2019,Labor Day,No Settlement,,
FD,10/14/2019,Columbus Day (exch Open),No Settlement,,
FD,11/11/2019,Veterans' Day (exch Open),No Settlement,,
FD,11/28/2019,Thanksgiving,No Settlement,,
FD,12/25/2019,Christmas Day,No Settlement,,
JN,1/1/2019,New Year's Day,No Settlement,,
JN,1/2/2019,New Year's Day,No Settlement,,
JN,1/3/2019,Bank Holiday,No Settlement,,
JN,1/14/2019,Coming-of-age Day,No Settlement,,
JN,2/11/2019,National Foundation Day,No Settlement,,
JN,3/21/2019,Vernal Equinox Day,No Settlement,,
JN,4/29/2019,Showa Day,No Settlement,,
JN,4/30/2019,National Holiday,No Settlement,,
JN,5/1/2019,Coronation Day,No Settlement,,
JN,5/2/2019,National Holiday,No Settlement,,
JN,5/3/2019,Constitution Memorial Day,No Settlement,,
JN,5/4/2019,Greenery Day,No Settlement,,Weekend
JN,5/6/2019,Children's Day (obs),No Settlement,,
JN,7/15/2019,Marine Day,No Settlement,,
JN,8/12/2019,Mountain Day (obs),No Settlement,,
JN,9/16/2019,Respect-for-the-aged Day,No Settlement,,
JN,9/23/2019,Autumnal Equinox Day,No Settlement,,
JN,10/14/2019,Health-sports Day,No Settlement,,
JN,10/22/2019,Imperial Enthronement Day,No Settlement,,
JN,11/4/2019,Culture Day (obs),No Settlement,,
JN,11/23/2019,Labor Thanksgiving Day,No Settlement,,Weekend
JN,12/31/2019,Bank Holiday,No Settlement,,
SZ,1/1/2019,New Year's Day,No Settlement,,
SZ,1/2/2019,Berchtold's Day,No Settlement,,
SZ,4/19/2019,Good Friday,No Settlement,,
SZ,4/22/2019,Easter Monday,No Settlement,,
SZ,5/1/2019,Labor Day,No Settlement,,
SZ,5/30/2019,Ascension,No Settlement,,
SZ,6/10/2019,Whit Monday,No Settlement,,
SZ,8/1/2019,National Day,No Settlement,,
SZ,12/25/2019,Christmas Day,No Settlement,,
SZ,12/26/2019,Boxing Day,No Settlement,,
GB,1/1/2019,Bank Holiday,No Settlement,,
GB,3/31/2019,Daylight Saving Begins,No Settlement,,Weekend
GB,4/19/2019,Good Friday,No Settlement,,
GB,4/22/2019,Easter Monday,No Settlement,,
GB,5/6/2019,May Day,No Settlement,,
GB,5/27/2019,Spring Bank Holiday,No Settlement,,
GB,8/26/2019,Summer Bank Holiday,No Settlement,,
GB,10/27/2019,Daylight Saving Ends,No Settlement,,Weekend
GB,12/25/2019,Christmas Day,No Settlement,,
GB,12/26/2019,Boxing Day,No Settlement,,
CA,1/1/2019,New Year's Day,No Settlement,,
CA,2/18/2019,Family Day,No Settlement,,
CA,4/19/2019,Good Friday,No Settlement,,
CA,5/20/2019,Victoria Day,No Settlement,,
CA,7/1/2019,Canada Day,No Settlement,,
CA,8/5/2019,Civic Holiday,No Settlement,,
CA,9/2/2019,Labor Day,No Settlement,,
CA,10/14/2019,Thanksgiving,No Settlement,,
CA,11/11/2019,Remembrance Day-exch Open,No Settlement,,
CA,12/25/2019,Christmas Day,No Settlement,,
CA,12/26/2019,Boxing Day (obs),No Settlement,,
AU,1/1/2019,New Year's Day,No Settlement,,
AU,1/28/2019,Australia Day Holiday,No Settlement,,
AU,4/19/2019,Good Friday,No Settlement,,
AU,4/22/2019,Easter Monday,No Settlement,,
AU,4/25/2019,Anzac Day,No Settlement,,
AU,6/10/2019,Queen's Birthday Holiday,No Settlement,,
AU,8/5/2019,Bank Holiday,No Settlement,,
AU,10/7/2019,Labour Day,No Settlement,,
AU,12/25/2019,Christmas Day,No Settlement,,
AU,12/26/2019,Boxing Day,No Settlement,,
TE,1/1/2018,New Year's Day,No Settlement,,
TE,3/25/2018,Daylight Saving Begins,No Settlement,,Weekend
TE,3/30/2018,Good Friday,No Settlement,,
TE,4/2/2018,Easter Monday,No Settlement,,
TE,5/1/2018,Labour Day,No Settlement,,
TE,10/28/2018,Daylight Saving Ends,No Settlement,,Weekend
TE,12/25/2018,Christmas Day,No Settlement,,
TE,12/26/2018,Christmas Holiday,No Settlement,,
FD,1/1/2018,New Year's Day,No Settlement,,
FD,1/15/2018,Martin L. King Day,No Settlement,,
FD,2/19/2018,Presidents' Day,No Settlement,,
FD,5/28/2018,Memorial Day,No Settlement,,
FD,7/4/2018,Independence Day,No Settlement,,
FD,9/3/2018,Labor Day,No Settlement,,
FD,10/8/2018,Columbus Day (exch Open),No Settlement,,
FD,11/12/2018,Veterans' Day (exch Open),No Settlement,,
FD,11/22/2018,Thanksgiving,No Settlement,,
FD,12/25/2018,Christmas Day,No Settlement,,
JN,1/1/2018,New Year's Day,No Settlement,,
JN,1/2/2018,Bank Holiday,No Settlement,,
JN,1/3/2018,Bank Holiday,No Settlement,,
JN,1/8/2018,Coming-of-age Day,No Settlement,,
JN,2/12/2018,National Foundation Day,No Settlement,,
JN,3/21/2018,Vernal Equinox Day,No Settlement,,
JN,4/30/2018,Showa Day (obs),No Settlement,,
JN,5/3/2018,Constitution Memorial Day,No Settlement,,
JN,5/4/2018,Greenery Day,No Settlement,,
JN,5/5/2018,Children's Day,No Settlement,,Weekend
JN,7/16/2018,Marine Day,No Settlement,,
JN,8/11/2018,Mountain Day,No Settlement,,Weekend
JN,9/17/2018,Respect-for-the-aged Day,No Settlement,,
JN,9/24/2018,Autumnal Equinox Day (obs),No Settlement,,
JN,10/8/2018,Health-sports Day,No Settlement,,
JN,11/3/2018,Culture Day,No Settlement,,Weekend
JN,11/23/2018,Labor Thanksgiving Day,No Settlement,,
JN,12/24/2018,Emperor's Birthday (obs),No Settlement,,
JN,12/31/2018,Bank Holiday,No Settlement,,
SZ,1/1/2018,New Year's Day,No Settlement,,
SZ,1/2/2018,Berchtold's Day,No Settlement,,
SZ,3/30/2018,Good Friday,No Settlement,,
SZ,4/2/2018,Easter Monday,No Settlement,,
SZ,5/1/2018,Labor Day,No Settlement,,
SZ,5/10/2018,Ascension,No Settlement,,
SZ,5/21/2018,Whit Monday,No Settlement,,
SZ,8/1/2018,National Day,No Settlement,,
SZ,12/25/2018,Christmas Day,No Settlement,,
SZ,12/26/2018,St. Stephen's Day,No Settlement,,
GB,1/1/2018,New Year's Day,No Settlement,,
GB,3/25/2018,Daylight Saving Begins,No Settlement,,Weekend
GB,3/30/2018,Good Friday,No Settlement,,
GB,4/2/2018,Easter Monday,No Settlement,,
GB,5/7/2018,Early May Bank Holiday,No Settlement,,
GB,5/28/2018,Spring Bank Holiday,No Settlement,,
GB,8/27/2018,Summer Bank Holiday,No Settlement,,
GB,10/28/2018,Daylight Saving Ends,No Settlement,,Weekend
GB,12/25/2018,Christmas Day,No Settlement,,
GB,12/26/2018,Boxing Day,No Settlement,,
CA,1/1/2018,New Year's Day,No Settlement,,
CA,2/19/2018,Family Day,No Settlement,,
CA,3/30/2018,Good Friday,No Settlement,,
CA,5/21/2018,Victoria Day,No Settlement,,
CA,7/2/2018,Canada Day,No Settlement,,
CA,8/6/2018,Civic Holiday,No Settlement,,
CA,9/3/2018,Labor Day,No Settlement,,
CA,10/8/2018,Thanksgiving,No Settlement,,
CA,11/12/2018,Remembrance Day-exch Open,No Settlement,,
CA,12/25/2018,Christmas Day,No Settlement,,
CA,12/26/2018,Boxing Day (obs),No Settlement,,
AU,1/1/2018,New Year's Day,No Settlement,,
AU,1/26/2018,Australia Day Holiday,No Settlement,,
AU,3/30/2018,Good Friday,No Settlement,,
AU,4/1/2018,Daylight Saving Ends,No Settlement,,Weekend
AU,4/2/2018,Easter Monday,No Settlement,,
AU,4/25/2018,Anzac Day,No Settlement,,
AU,6/11/2018,Queen's Birthday Holiday,No Settlement,,
AU,8/6/2018,Bank Holiday,No Settlement,,
AU,10/1/2018,Labour Day,No Settlement,,
AU,10/7/2018,Daylight Saving Begins,No Settlement,,Weekend
AU,12/25/2018,Christmas Day,No Settlement,,
AU,12/26/2018,Boxing Day,No Settlement,,
TE,1/1/2015,New Year's Day,No Settlement,,
TE,3/29/2015,Daylight Saving Begins,No Settlement,,Weekend
TE,4/3/2015,Good Friday,No Settlement,,
TE,4/6/2015,Easter Monday,No Settlement,,
TE,5/1/2015,Labour Day,No Settlement,,
TE,10/25/2015,Daylight Saving Ends,No Settlement,,Weekend
TE,12/25/2015,Christmas Day,No Settlement,,
TE,12/26/2015,Christmas Holiday,No Settlement,,Weekend
FD,1/1/2015,New Year's Day,No Settlement,,
FD,1/19/2015,Martin L. King Day,No Settlement,,
FD,2/16/2015,Presidents' Day,No Settlement,,
FD,5/25/2015,Memorial Day,No Settlement,,
FD,7/4/2015,Independence Day,No Settlement,,Weekend
FD,9/7/2015,Labor Day,No Settlement,,
FD,10/12/2015,Columbus Day (exch Open),No Settlement,,
FD,11/11/2015,Veterans' Day (exch Open),No Settlement,,
FD,11/26/2015,Thanksgiving,No Settlement,,
FD,12/25/2015,Christmas Day,No Settlement,,
JN,1/1/2015,New Year's Day,No Settlement,,
JN,1/2/2015,Bank Holiday,No Settlement,,
JN,1/3/2015,Bank Holiday,No Settlement,,Weekend
JN,1/12/2015,Coming-of-age Day,No Settlement,,
JN,2/11/2015,National Foundation Day,No Settlement,,
JN,3/21/2015,Vernal Equinox Day,No Settlement,,Weekend
JN,4/29/2015,Showa Day,No Settlement,,
JN,5/3/2015,Constitution Memorial Day,No Settlement,,Weekend
JN,5/4/2015,Greenery Day,No Settlement,,
JN,5/5/2015,Children's Day,No Settlement,,
JN,5/6/2015,National Holiday,No Settlement,,
JN,7/20/2015,Marine Day,No Settlement,,
JN,9/21/2015,Respect-for-the-aged Day,No Settlement,,
JN,9/22/2015,National Holiday,No Settlement,,
JN,9/23/2015,Autumnal Equinox Day,No Settlement,,
JN,10/12/2015,Health-sports Day,No Settlement,,
JN,11/3/2015,Culture Day,No Settlement,,
JN,11/23/2015,Labor Thanksgiving Day,No Settlement,,
JN,12/23/2015,Emperor's Birthday,No Settlement,,
JN,12/31/2015,Bank Holiday,No Settlement,,
SZ,1/1/2015,New Year's Day,No Settlement,,
SZ,1/2/2015,Berchtold's Day,No Settlement,,
SZ,4/3/2015,Good Friday,No Settlement,,
SZ,4/6/2015,Easter Monday,No Settlement,,
SZ,5/1/2015,Labor Day,No Settlement,,
SZ,5/14/2015,Ascension,No Settlement,,
SZ,5/25/2015,Whit Monday,No Settlement,,
SZ,8/1/2015,National Day,No Settlement,,Weekend
SZ,12/25/2015,Christmas Day,No Settlement,,
SZ,12/26/2015,St. Stephen's Day,No Settlement,,Weekend
GB,1/1/2015,Bank Holiday,No Settlement,,
GB,3/29/2015,Daylight Saving Begins,No Settlement,,Weekend
GB,4/3/2015,Good Friday,No Settlement,,
GB,4/6/2015,Easter Monday,No Settlement,,
GB,5/4/2015,May Day,No Settlement,,
GB,5/25/2015,Spring Bank Holiday,No Settlement,,
GB,8/31/2015,Summer Bank Holiday,No Settlement,,
GB,10/25/2015,Daylight Saving Ends,No Settlement,,Weekend
GB,12/25/2015,Christmas Day,No Settlement,,
GB,12/28/2015,Boxing Day (obs),No Settlement,,
CA,1/1/2015,New Year's Day,No Settlement,,
CA,2/16/2015,Family Day,No Settlement,,
CA,4/3/2015,Good Friday,No Settlement,,
CA,5/18/2015,Victoria Day,No Settlement,,
CA,7/1/2015,Canada Day,No Settlement,,
CA,8/3/2015,Civic Holiday,No Settlement,,
CA,9/7/2015,Labor Day,No Settlement,,
CA,10/12/2015,Thanksgiving,No Settlement,,
CA,11/11/2015,Remembrance Day-exch Open,No Settlement,,
CA,12/25/2015,Christmas Day,No Settlement,,
CA,12/28/2015,Boxing Day (obs),No Settlement,,
AU,1/1/2015,New Year's Day,No Settlement,,
AU,1/26/2015,Australia Day Holiday,No Settlement,,
AU,4/3/2015,Good Friday,No Settlement,,
AU,4/5/2015,Daylight Saving Ends,No Settlement,,Weekend
AU,4/6/2015,Easter Monday,No Settlement,,
AU,4/25/2015,Anzac Day,No Settlement,,Weekend
AU,6/8/2015,Queen's Birthday Holiday,No Settlement,,
AU,8/3/2015,Bank Holiday,No Settlement,,
AU,10/4/2015,Daylight Saving Begins,No Settlement,,Weekend
AU,10/5/2015,Labour Day,No Settlement,,
AU,12/25/2015,Christmas Day,No Settlement,,
AU,12/28/2015,Boxing Day,No Settlement,,
TE,1/1/2014,New Year's Day,No Settlement,,
TE,3/30/2014,Daylight Saving Begins,No Settlement,,Weekend
TE,4/18/2014,Good Friday,No Settlement,,
TE,4/21/2014,Easter Monday,No Settlement,,
TE,5/1/2014,Labour Day,No Settlement,,
TE,10/26/2014,Daylight Saving Ends,No Settlement,,Weekend
TE,12/25/2014,Christmas Day,No Settlement,,
TE,12/26/2014,Christmas Holiday,No Settlement,,
FD,1/1/2014,New Year's Day,No Settlement,,
FD,1/20/2014,Martin L. King Day,No Settlement,,
FD,2/17/2014,Presidents' Day,No Settlement,,
FD,5/26/2014,Memorial Day,No Settlement,,
FD,7/4/2014,Independence Day,No Settlement,,
FD,9/1/2014,Labor Day,No Settlement,,
FD,10/13/2014,Columbus Day (exch Open),No Settlement,,
FD,11/11/2014,Veterans' Day (exch Open),No Settlement,,
FD,11/27/2014,Thanksgiving,No Settlement,,
FD,12/25/2014,Christmas Day,No Settlement,,
JN,1/1/2014,New Year's Day,No Settlement,,
JN,1/2/2014,Bank Holiday,No Settlement,,
JN,1/3/2014,Bank Holiday,No Settlement,,
JN,1/13/2014,Coming-of-age Day,No Settlement,,
JN,2/11/2014,National Foundation Day,No Settlement,,
JN,3/21/2014,Vernal Equinox Day,No Settlement,,
JN,4/29/2014,Showa Day,No Settlement,,
JN,5/3/2014,Constitution Memorial Day,No Settlement,,Weekend
JN,5/4/2014,Greenery Day,No Settlement,,Weekend
JN,5/5/2014,Children's Day,No Settlement,,
JN,5/6/2014,Greenery Day (obs),No Settlement,,
JN,7/21/2014,Marine Day,No Settlement,,
JN,9/15/2014,Respect-for-the-aged Day,No Settlement,,
JN,9/23/2014,Autumnal Equinox Day,No Settlement,,
JN,10/13/2014,Health-sports Day,No Settlement,,
JN,11/3/2014,Culture Day,No Settlement,,
JN,11/23/2014,Labor Thanksgiving Day,No Settlement,,Weekend
JN,11/24/2014,Labor Thanksgiving (obs),No Settlement,,
JN,12/23/2014,Emperor's Birthday,No Settlement,,
JN,12/31/2014,Bank Holiday,No Settlement,,
SZ,1/1/2014,New Year's Day,No Settlement,,
SZ,1/2/2014,Berchtold's Day,No Settlement,,
SZ,4/18/2014,Good Friday,No Settlement,,
SZ,4/21/2014,Easter Monday,No Settlement,,
SZ,5/1/2014,Labor Day,No Settlement,,
SZ,5/29/2014,Ascension,No Settlement,,
SZ,6/9/2014,Whit Monday,No Settlement,,
SZ,8/1/2014,National Day,No Settlement,,
SZ,12/25/2014,Christmas Day,No Settlement,,
SZ,12/26/2014,St. Stephen's Day,No Settlement,,
GB,1/1/2014,Bank Holiday,No Settlement,,
GB,3/30/2014,Daylight Saving Begins,No Settlement,,Weekend
GB,4/18/2014,Good Friday,No Settlement,,
GB,4/21/2014,Easter Monday,No Settlement,,
GB,5/5/2014,May Day,No Settlement,,
GB,5/26/2014,Spring Bank Holiday,No Settlement,,
GB,8/25/2014,Summer Bank Holiday,No Settlement,,
GB,10/26/2014,Daylight Saving Ends,No Settlement,,Weekend
GB,12/25/2014,Christmas Day,No Settlement,,
GB,12/26/2014,Boxing Day,No Settlement,,
CA,1/1/2014,New Year's Day,No Settlement,,
CA,2/17/2014,Family Day,No Settlement,,
CA,4/18/2014,Good Friday,No Settlement,,
CA,5/19/2014,Victoria Day,No Settlement,,
CA,7/1/2014,Canada Day,No Settlement,,
CA,8/4/2014,Civic Holiday,No Settlement,,
CA,9/1/2014,Labor Day,No Settlement,,
CA,10/13/2014,Thanksgiving,No Settlement,,
CA,11/11/2014,Remembrance Day-exch Open,No Settlement,,
CA,12/25/2014,Christmas Day,No Settlement,,
CA,12/26/2014,Boxing Day (obs),No Settlement,,
AU,1/1/2014,New Year's Day,No Settlement,,
AU,1/27/2014,Australia Day Holiday,No Settlement,,
AU,4/6/2014,Daylight Saving Ends,No Settlement,,Weekend
AU,4/18/2014,Good Friday,No Settlement,,
AU,4/21/2014,Easter Monday,No Settlement,,
AU,4/25/2014,Anzac Day,No Settlement,,
AU,6/9/2014,Queen's Birthday Holiday,No Settlement,,
AU,8/4/2014,Bank Holiday,No Settlement,,
AU,10/5/2014,Daylight Saving Begins,No Settlement,,Weekend
AU,10/6/2014,Labour Day,No Settlement,,
AU,12/25/2014,Christmas Day,No Settlement,,
AU,12/26/2014,Boxing Day,No Settlement,,
TE,1/1/2013,New Year's Day,No Settlement,,
TE,3/29/2013,Good Friday,No Settlement,,
TE,3/31/2013,Daylight Saving Begins,No Settlement,,Weekend
TE,4/1/2013,Easter Monday,No Settlement,,
TE,5/1/2013,Labour Day,No Settlement,,
TE,10/27/2013,Daylight Saving Ends,No Settlement,,Weekend
TE,12/25/2013,Christmas Day,No Settlement,,
TE,12/26/2013,Christmas Holiday,No Settlement,,
FD,1/1/2013,New Year's Day,No Settlement,,
FD,1/21/2013,Martin L. King Day,No Settlement,,
FD,2/18/2013,Presidents' Day,No Settlement,,
FD,5/27/2013,Memorial Day,No Settlement,,
FD,7/4/2013,Independence Day,No Settlement,,
FD,9/2/2013,Labor Day,No Settlement,,
FD,10/14/2013,Columbus Day (exch Open),No Settlement,,
FD,11/11/2013,Veterans' Day (exch Open),No Settlement,,
FD,11/28/2013,Thanksgiving,No Settlement,,
FD,12/25/2013,Christmas Day,No Settlement,,
JN,1/1/2013,New Year's Day,No Settlement,,
JN,1/2/2013,Bank Holiday,No Settlement,,
JN,1/3/2013,Bank Holiday,No Settlement,,
JN,1/14/2013,Coming-of-age Day,No Settlement,,
JN,2/11/2013,National Foundation Day,No Settlement,,
JN,3/20/2013,Vernal Equinox Day,No Settlement,,
JN,4/29/2013,Showa Day,No Settlement,,
JN,5/3/2013,Constitution Memorial Day,No Settlement,,
JN,5/4/2013,Greenery Day,No Settlement,,Weekend
JN,5/5/2013,Children's Day,No Settlement,,Weekend
JN,5/6/2013,Children's Day (obs),No Settlement,,
JN,7/15/2013,Marine Day,No Settlement,,
JN,9/16/2013,Respect-for-the-aged Day,No Settlement,,
JN,9/23/2013,Autumnal Equinox Day,No Settlement,,
JN,10/14/2013,Health-sports Day,No Settlement,,
JN,11/3/2013,Culture Day,No Settlement,,Weekend
JN,11/4/2013,Culture Day (obs),No Settlement,,
JN,11/23/2013,Labor Thanksgiving Day,No Settlement,,Weekend
JN,12/23/2013,Emperor's Birthday,No Settlement,,
JN,12/31/2013,Bank Holiday,No Settlement,,
SZ,1/1/2013,New Year's Day,No Settlement,,
SZ,1/2/2013,Berchtold's Day,No Settlement,,
SZ,3/29/2013,Good Friday,No Settlement,,
SZ,4/1/2013,Easter Monday,No Settlement,,
SZ,5/1/2013,Labour Day,No Settlement,,
SZ,5/9/2013,Ascension,No Settlement,,
SZ,5/20/2013,Whit Monday,No Settlement,,
SZ,8/1/2013,National Day,No Settlement,,
SZ,12/25/2013,Christmas Day,No Settlement,,
SZ,12/26/2013,Boxing Day,No Settlement,,
GB,1/1/2013,Bank Holiday,No Settlement,,
GB,3/29/2013,Good Friday,No Settlement,,
GB,3/31/2013,Daylight Saving Begins,No Settlement,,Weekend
GB,4/1/2013,Easter Monday,No Settlement,,
GB,5/6/2013,May Day,No Settlement,,
GB,5/27/2013,Spring Bank Holiday,No Settlement,,
GB,8/26/2013,Summer Bank Holiday,No Settlement,,
GB,10/27/2013,Daylight Saving Ends,No Settlement,,Weekend
GB,12/25/2013,Christmas Day,No Settlement,,
GB,12/26/2013,Boxing Day,No Settlement,,
CA,1/1/2013,New Year's Day,No Settlement,,
CA,2/18/2013,Family Day,No Settlement,,
CA,3/10/2013,Daylight Saving Begins,No Settlement,,Weekend
CA,3/29/2013,Good Friday,No Settlement,,
CA,5/20/2013,Victoria Day,No Settlement,,
CA,7/1/2013,Canada Day,No Settlement,,
CA,8/5/2013,Civic Holiday,No Settlement,,
CA,9/2/2013,Labor Day,No Settlement,,
CA,10/14/2013,Thanksgiving,No Settlement,,
CA,11/3/2013,Daylight Saving Ends,No Settlement,,Weekend
CA,11/11/2013,Remembrance Day-exch Open,No Settlement,,
CA,12/25/2013,Christmas Day,No Settlement,,
CA,12/26/2013,Boxing Day (obs),No Settlement,,
AU,1/1/2013,New Year's Day,No Settlement,,
AU,1/28/2013,Australia Day Holiday,No Settlement,,
AU,3/29/2013,Good Friday,No Settlement,,
AU,4/1/2013,Easter Monday,No Settlement,,
AU,4/7/2013,Daylight Saving Ends,No Settlement,,Weekend
AU,4/25/2013,Anzac Day,No Settlement,,
AU,6/10/2013,Queen's Birthday Holiday,No Settlement,,
AU,8/5/2013,Bank Holiday,No Settlement,,
AU,10/6/2013,Daylight Saving Begins,No Settlement,,Weekend
AU,10/7/2013,Labour Day,No Settlement,,
AU,12/25/2013,Christmas Day,No Settlement,,
AU,12/26/2013,Boxing Day,No Settlement,,
TE,1/1/2012,New Year's Day,No Settlement,,Weekend
TE,3/25/2012,Daylight Saving Begins,No Settlement,,Weekend
TE,4/6/2012,Good Friday,No Settlement,,
TE,4/9/2012,Easter Monday,No Settlement,,
TE,5/1/2012,Labour Day,No Settlement,,
TE,10/28/2012,Daylight Saving Ends,No Settlement,,Weekend
TE,12/25/2012,Christmas Day,No Settlement,,
TE,12/26/2012,Christmas Holiday,No Settlement,,
FD,1/2/2012,New Years Day (obs),No Settlement,,
FD,1/16/2012,Martin L. King Day,No Settlement,,
FD,2/20/2012,Presidents' Day,No Settlement,,
FD,5/28/2012,Memorial Day,No Settlement,,
FD,7/4/2012,Independence Day,No Settlement,,
FD,9/3/2012,Labor Day,No Settlement,,
FD,10/8/2012,Columbus Day (exch Open),No Settlement,,
FD,11/12/2012,Veterans' Day (exch Open),No Settlement,,
FD,11/22/2012,Thanksgiving,No Settlement,,
FD,12/25/2012,Christmas Day,No Settlement,,
JN,1/2/2012,New Year's Day,No Settlement,,
JN,1/3/2012,Bank Holiday,No Settlement,,
JN,1/9/2012,Coming-of-age Day,No Settlement,,
JN,2/11/2012,National Foundation Day,No Settlement,,Weekend
JN,3/20/2012,Vernal Equinox Day,No Settlement,,
JN,4/30/2012,Showa Day (obs),No Settlement,,
JN,5/3/2012,Constitution Memorial Day,No Settlement,,
JN,5/4/2012,Greenery Day,No Settlement,,
JN,5/5/2012,Children's Day,No Settlement,,Weekend
JN,7/16/2012,Marine Day,No Settlement,,
JN,9/17/2012,Respect-for-the-aged Day,No Settlement,,
JN,9/22/2012,Autumnal Equinox Day,No Settlement,,Weekend
JN,10/8/2012,Health-sports Day,No Settlement,,
JN,11/3/2012,Culture Day,No Settlement,,Weekend
JN,11/23/2012,Labor Thanksgiving Day,No Settlement,,
JN,12/24/2012,Emperor's Birthday (obs),No Settlement,,
JN,12/31/2012,Bank Holiday,No Settlement,,
SZ,1/1/2012,New Year's Day,No Settlement,,Weekend
SZ,1/2/2012,Berchtold's Day,No Settlement,,
SZ,4/6/2012,Good Friday,No Settlement,,
SZ,4/9/2012,Easter Monday,No Settlement,,
SZ,5/1/2012,Labor Day,No Settlement,,
SZ,5/17/2012,Ascension,No Settlement,,
SZ,5/28/2012,Whit Monday,No Settlement,,
SZ,8/1/2012,National Day,No Settlement,,
SZ,12/25/2012,Christmas Day,No Settlement,,
SZ,12/26/2012,St. Stephen's Day,No Settlement,,
GB,1/2/2012,New Year's Day,No Settlement,,
GB,3/25/2012,Daylight Saving Begins,No Settlement,,Weekend
GB,4/6/2012,Good Friday,No Settlement,,
GB,4/9/2012,Easter Monday,No Settlement,,
GB,5/7/2012,May Day,No Settlement,,
GB,6/4/2012,Spring Bank Holiday,No Settlement,,
GB,6/5/2012,Queen's Diamond Jubilee,No Settlement,,
GB,8/27/2012,Summer Bank Holiday,No Settlement,,
GB,10/28/2012,Daylight Saving Ends,No Settlement,,Weekend
GB,12/25/2012,Christmas Day,No Settlement,,
GB,12/26/2012,Boxing Day,No Settlement,,
CA,1/2/2012,New Years Day (obs),No Settlement,,
CA,2/20/2012,Family Day,No Settlement,,
CA,3/11/2012,Daylight Saving Begins,No Settlement,,Weekend
CA,4/6/2012,Good Friday,No Settlement,,
CA,5/21/2012,Victoria Day,No Settlement,,
CA,7/2/2012,Canada Day,No Settlement,,
CA,8/6/2012,Civic Holiday,No Settlement,,
CA,9/3/2012,Labour Day,No Settlement,,
CA,10/8/2012,Thanksgiving,No Settlement,,
CA,11/4/2012,Daylight Saving Ends,No Settlement,,Weekend
CA,11/12/2012,Remembrance Day-exch Open,No Settlement,,
CA,12/25/2012,Christmas Day,No Settlement,,
CA,12/26/2012,Boxing Day,No Settlement,,
AU,1/1/2012,New Year's Day,No Settlement,,Weekend
AU,1/2/2012,New Years Day (obs),No Settlement,,
AU,1/26/2012,Australia Day Holiday,No Settlement,,
AU,4/1/2012,Daylight Saving Ends,No Settlement,,Weekend
AU,4/6/2012,Good Friday,No Settlement,,
AU,4/9/2012,Easter Monday,No Settlement,,
AU,4/25/2012,Anzac Day,No Settlement,,
AU,6/11/2012,Queen's Birthday Holiday,No Settlement,,
AU,8/6/2012,Bank Holiday,No Settlement,,
AU,10/1/2012,Labour Day,No Settlement,,
AU,10/7/2012,Daylight Saving Begins,No Settlement,,Weekend
AU,12/25/2012,Christmas Day,No Settlement,,
AU,12/26/2012,Boxing Day,No Settlement,,
TE,1/1/2011,New Year's Day,No Settlement,,Weekend
TE,3/27/2011,Daylight Saving Begins,No Settlement,,Weekend
TE,4/22/2011,Good Friday,No Settlement,,
TE,4/25/2011,Easter Monday,No Settlement,,
TE,5/1/2011,Labour Day,No Settlement,,Weekend
TE,10/30/2011,Daylight Saving Ends,No Settlement,,Weekend
TE,12/25/2011,Christmas Day,No Settlement,,Weekend
TE,12/26/2011,Christmas Holiday,No Settlement,,
FD,1/1/2011,New Year's Day,No Settlement,,Weekend
FD,1/17/2011,Martin L. King Day,No Settlement,,
FD,2/21/2011,Presidents' Day,No Settlement,,
FD,5/30/2011,Memorial Day,No Settlement,,
FD,7/4/2011,Independence Day,No Settlement,,
FD,9/5/2011,Labor Day,No Settlement,,
FD,10/10/2011,Columbus Day (exch Open),No Settlement,,
FD,11/11/2011,Veterans' Day (exch Open),No Settlement,,
FD,11/24/2011,Thanksgiving,No Settlement,,
FD,12/26/2011,Christmas Day (obs),No Settlement,,
JN,1/1/2011,New Year's Day,No Settlement,,Weekend
JN,1/2/2011,New Year's Holiday,No Settlement,,Weekend
JN,1/3/2011,Bank Holiday,No Settlement,,
JN,1/10/2011,Coming-of-age Day,No Settlement,,
JN,2/11/2011,National Foundation Day,No Settlement,,
JN,3/21/2011,Vernal Equinox Day,No Settlement,,
JN,4/29/2011,Showa Day,No Settlement,,
JN,5/3/2011,Constitution Memorial Day,No Settlement,,
JN,5/4/2011,Greenery Day,No Settlement,,
JN,5/5/2011,Children's Day,No Settlement,,
JN,7/18/2011,Marine Day,No Settlement,,
JN,9/19/2011,Respect-for-the-aged Day,No Settlement,,
JN,9/23/2011,Autumnal Equinox Day,No Settlement,,
JN,10/10/2011,Health-sports Day,No Settlement,,
JN,11/3/2011,Culture Day,No Settlement,,
JN,11/23/2011,Labor Thanksgiving Day,No Settlement,,
JN,12/23/2011,Emperor's Birthday,No Settlement,,
JN,12/31/2011,Bank Holiday,No Settlement,,Weekend
SZ,1/1/2011,New Year's Day,No Settlement,,Weekend
SZ,3/27/2011,Daylight Saving Begins,No Settlement,,Weekend
SZ,4/22/2011,Good Friday,No Settlement,,
SZ,4/25/2011,Easter Monday,No Settlement,,
SZ,6/2/2011,Ascension,No Settlement,,
SZ,6/13/2011,Whit Monday,No Settlement,,
SZ,8/1/2011,National Day,No Settlement,,
SZ,10/30/2011,Daylight Saving Ends,No Settlement,,Weekend
SZ,12/25/2011,Christmas Day,No Settlement,,Weekend
SZ,12/26/2011,St. Stephen's Day,No Settlement,,
GB,1/3/2011,Bank Holiday,No Settlement,,
GB,3/27/2011,Daylight Saving Begins,No Settlement,,Weekend
GB,4/22/2011,Good Friday,No Settlement,,
GB,4/25/2011,Easter Monday,No Settlement,,
GB,4/29/2011,Royal Wedding,No Settlement,,
GB,5/2/2011,May Day,No Settlement,,
GB,5/30/2011,Spring Bank Holiday,No Settlement,,
GB,8/29/2011,Summer Bank Holiday,No Settlement,,
GB,10/30/2011,Daylight Saving Ends,No Settlement,,Weekend
GB,12/26/2011,Christmas Day (obs),No Settlement,,
GB,12/27/2011,Boxing Day (obs),No Settlement,,
CA,1/3/2011,New Years Day (obs),No Settlement,,
CA,2/21/2011,Family Day,No Settlement,,
CA,3/13/2011,Daylight Saving Begins,No Settlement,,Weekend
CA,4/22/2011,Good Friday,No Settlement,,
CA,5/23/2011,Victoria Day,No Settlement,,
CA,7/1/2011,Canada Day,No Settlement,,
CA,8/1/2011,Civic Holiday,No Settlement,,
CA,9/5/2011,Labour Day,No Settlement,,
CA,10/10/2011,Thanksgiving,No Settlement,,
CA,11/6/2011,Daylight Saving Ends,No Settlement,,Weekend
CA,11/11/2011,Remembrance Day-exch Open,No Settlement,,
CA,12/26/2011,Christmas Day (obs),No Settlement,,
CA,12/27/2011,Boxing Day (obs),No Settlement,,
AU,1/1/2011,New Year's Day,No Settlement,,Weekend
AU,1/3/2011,New Years Day (obs),No Settlement,,
AU,1/26/2011,Australia Day Holiday,No Settlement,,
AU,4/3/2011,Daylight Saving Ends,No Settlement,,Weekend
AU,4/22/2011,Good Friday,No Settlement,,
AU,4/25/2011,Anzac Day,No Settlement,,
AU,4/26/2011,Easter Monday,No Settlement,,
AU,6/13/2011,Queen's Birthday Holiday,No Settlement,,
AU,8/1/2011,Bank Holiday,No Settlement,,
AU,10/2/2011,Daylight Saving Begins,No Settlement,,Weekend
AU,10/3/2011,Labour Day,No Settlement,,
AU,12/26/2011,Boxing Day,No Settlement,,
AU,12/27/2011,Christmas Day,No Settlement,,
TE,1/1/2010,New Year's Day,No Settlement,,
TE,3/28/2010,Daylight Saving Begins,No Settlement,,Weekend
TE,4/2/2010,Good Friday,No Settlement,,
TE,4/5/2010,Easter Monday,No Settlement,,
TE,5/1/2010,Labour Day,No Settlement,,Weekend
TE,10/31/2010,Daylight Saving Ends,No Settlement,,Weekend
TE,12/25/2010,Christmas Day,No Settlement,,Weekend
TE,12/26/2010,Christmas Holiday,No Settlement,,Weekend
FD,1/1/2010,New Year's Day,No Settlement,,
FD,1/18/2010,Martin L. King Day,No Settlement,,
FD,2/15/2010,Presidents' Day,No Settlement,,
FD,5/31/2010,Memorial Day,No Settlement,,
FD,7/5/2010,Independence Day (obs),No Settlement,,
FD,9/6/2010,Labor Day,No Settlement,,
FD,10/11/2010,Columbus Day (exch Open),No Settlement,,
FD,11/11/2010,Veterans' Day (exch Open),No Settlement,,
FD,11/25/2010,Thanksgiving,No Settlement,,
FD,12/25/2010,Christmas Day,No Settlement,,Weekend
JN,1/1/2010,New Year's Day,No Settlement,,
JN,1/11/2010,Coming-of-age Day,No Settlement,,
JN,2/11/2010,National Foundation Day,No Settlement,,
JN,3/22/2010,Vernal Equinox Day (obs),No Settlement,,
JN,4/29/2010,Showa Day,No Settlement,,
JN,5/3/2010,Constitution Memorial Day,No Settlement,,
JN,5/4/2010,Greenery Day,No Settlement,,
JN,5/5/2010,Children's Day,No Settlement,,
JN,7/19/2010,Marine Day,No Settlement,,
JN,9/20/2010,Respect-for-the-aged Day,No Settlement,,
JN,9/23/2010,Autumnal Equinox Day,No Settlement,,
JN,10/11/2010,Health-sports Day,No Settlement,,
JN,11/3/2010,Culture Day,No Settlement,,
JN,11/23/2010,Labor Thanksgiving Day,No Settlement,,
JN,12/23/2010,Emperor's Birthday,No Settlement,,
JN,12/31/2010,Bank Holiday,No Settlement,,
SZ,1/1/2010,New Year's Day,No Settlement,,
SZ,3/28/2010,Daylight Saving Begins,No Settlement,,Weekend
SZ,4/2/2010,Good Friday,No Settlement,,
SZ,4/5/2010,Easter Monday,No Settlement,,
SZ,5/13/2010,Ascension,No Settlement,,
SZ,5/24/2010,Whit Monday,No Settlement,,
SZ,8/1/2010,National Day,No Settlement,,Weekend
SZ,10/31/2010,Daylight Saving Ends,No Settlement,,Weekend
SZ,12/25/2010,Christmas Day,No Settlement,,Weekend
GB,1/1/2010,Bank Holiday,No Settlement,,
GB,3/28/2010,Daylight Saving Begins,No Settlement,,Weekend
GB,4/2/2010,Good Friday,No Settlement,,
GB,4/5/2010,Easter Monday,No Settlement,,
GB,5/3/2010,May Day,No Settlement,,
GB,5/31/2010,Spring Bank Holiday,No Settlement,,
GB,8/30/2010,Summer Bank Holiday,No Settlement,,
GB,10/31/2010,Daylight Saving Ends,No Settlement,,Weekend
GB,12/27/2010,Christmas Day (obs),No Settlement,,
GB,12/28/2010,Boxing Day (obs),No Settlement,,
CA,1/1/2010,New Year's Day,No Settlement,,
CA,2/15/2010,Family Day,No Settlement,,
CA,4/2/2010,Good Friday,No Settlement,,
CA,5/24/2010,Victoria Day,No Settlement,,
CA,7/1/2010,Canada Day,No Settlement,,
CA,8/2/2010,Civic Holiday,No Settlement,,
CA,9/6/2010,Labor Day,No Settlement,,
CA,10/11/2010,Thanksgiving,No Settlement,,
CA,11/11/2010,Remembrance Day-exch Open,No Settlement,,
CA,12/25/2010,Christmas Day,No Settlement,,Weekend
CA,12/26/2010,Boxing Day,No Settlement,,Weekend
CA,12/27/2010,Christmas Day (obs),No Settlement,,
CA,12/28/2010,Boxing Day (obs),No Settlement,,
AU,1/1/2010,New Year's Day,No Settlement,,
AU,1/26/2010,Australia Day Holiday,No Settlement,,
AU,4/2/2010,Good Friday,No Settlement,,
AU,4/4/2010,Daylight Saving Ends,No Settlement,,Weekend
AU,4/5/2010,Easter Monday,No Settlement,,
AU,4/26/2010,Anzac Day,No Settlement,,
AU,6/14/2010,Queen's Birthday Holiday,No Settlement,,
AU,8/2/2010,Bank Holiday,No Settlement,,
AU,10/3/2010,Daylight Saving Begins,No Settlement,,Weekend
AU,10/4/2010,Labour Day,No Settlement,,
AU,12/27/2010,Christmas Day (obs),No Settlement,,
AU,12/28/2010,Boxing Day (obs),No Settlement,,
TE,1/1/2009,New Year's Day,No Settlement,,
TE,3/29/2009,Daylight Saving Begins,No Settlement,,Weekend
TE,4/10/2009,Good Friday,No Settlement,,
TE,4/13/2009,Easter Monday,No Settlement,,
TE,5/1/2009,Labour Day,No Settlement,,
TE,10/25/2009,Daylight Saving Ends,No Settlement,,Weekend
TE,12/25/2009,Christmas Day,No Settlement,,
TE,12/26/2009,Christmas Holiday,No Settlement,,Weekend
FD,1/1/2009,New Year's Day,No Settlement,,
FD,1/19/2009,Martin L. King Day,No Settlement,,
FD,2/16/2009,Presidents' Day,No Settlement,,
FD,5/25/2009,Memorial Day,No Settlement,,
FD,7/4/2009,Independence Day,No Settlement,,Weekend
FD,9/7/2009,Labor Day,No Settlement,,
FD,10/12/2009,Columbus Day (exch Open),No Settlement,,
FD,11/11/2009,Veterans' Day (exch Open),No Settlement,,
FD,11/26/2009,Thanksgiving,No Settlement,,
FD,12/25/2009,Christmas Day,No Settlement,,
JN,1/1/2009,New Year's Day,No Settlement,,
JN,1/2/2009,New Year's Holiday,No Settlement,,
JN,1/12/2009,Coming-of-age Day,No Settlement,,
JN,2/11/2009,National Foundation Day,No Settlement,,
JN,3/20/2009,Vernal Equinox Day,No Settlement,,
JN,4/29/2009,Showa Day,No Settlement,,
JN,5/3/2009,Constitution Memorial Day,No Settlement,,Weekend
JN,5/4/2009,Greenery Day,No Settlement,,
JN,5/5/2009,Children's Day,No Settlement,,
JN,5/6/2009,National Holiday,No Settlement,,
JN,7/20/2009,Marine Day,No Settlement,,
JN,9/21/2009,Respect-for-the-aged Day,No Settlement,,
JN,9/22/2009,National Holiday,No Settlement,,
JN,9/23/2009,Autumnal Equinox Day,No Settlement,,
JN,10/12/2009,Health-sports Day,No Settlement,,
JN,11/3/2009,Culture Day,No Settlement,,
JN,11/23/2009,Labor Thanksgiving Day,No Settlement,,
JN,12/23/2009,Emperor's Birthday,No Settlement,,
JN,12/31/2009,Bank Holiday,No Settlement,,
SZ,1/1/2009,New Year's Day,No Settlement,,
SZ,1/2/2009,Last Working Day Of Year,No Settlement,,
SZ,4/10/2009,Good Friday,No Settlement,,
SZ,4/13/2009,Easter Monday,No Settlement,,
SZ,5/1/2009,Labour Day,No Settlement,,
SZ,5/21/2009,Ascension,No Settlement,,
SZ,5/31/2009,Pentecost Monday,No Settlement,,Weekend
SZ,6/1/2009,Pentecost Monday,No Settlement,,
SZ,8/1/2009,National Day,No Settlement,,Weekend
SZ,12/25/2009,Christmas Day,No Settlement,,
SZ,12/26/2009,St. Stephen's Day,No Settlement,,Weekend
GB,1/1/2009,Bank Holiday,No Settlement,,
GB,3/29/2009,Daylight Saving Begins,No Settlement,,Weekend
GB,4/10/2009,Good Friday,No Settlement,,
GB,4/13/2009,Easter Monday,No Settlement,,
GB,5/4/2009,May Day,No Settlement,,
GB,5/25/2009,Spring Bank Holiday,No Settlement,,
GB,8/31/2009,Summer Bank Holiday,No Settlement,,
GB,10/25/2009,Daylight Saving Ends,No Settlement,,Weekend
GB,12/25/2009,Christmas Day,No Settlement,,
GB,12/28/2009,Boxing Day (obs),No Settlement,,
CA,1/1/2009,New Year's Day,No Settlement,,
CA,2/16/2009,Family Day,No Settlement,,
CA,4/10/2009,Good Friday,No Settlement,,
CA,5/18/2009,Victoria Day,No Settlement,,
CA,7/1/2009,Canada Day,No Settlement,,
CA,8/3/2009,Civic Holiday,No Settlement,,
CA,9/7/2009,Labor Day,No Settlement,,
CA,10/12/2009,Thanksgiving,No Settlement,,
CA,11/1/2009,Daylight Saving Ends,No Settlement,,Weekend
CA,11/11/2009,Remembrance Day-exch Open,No Settlement,,
CA,12/25/2009,Christmas Day,No Settlement,,
CA,12/28/2009,Boxing Day (obs),No Settlement,,
AU,1/1/2009,New Year's Day,No Settlement,,
AU,1/26/2009,Australia Day Holiday,No Settlement,,
AU,4/5/2009,Daylight Saving Ends,No Settlement,,Weekend
AU,4/10/2009,Good Friday,No Settlement,,
AU,4/13/2009,Easter Monday,No Settlement,,
AU,4/25/2009,Anzac Day,No Settlement,,Weekend
AU,6/8/2009,Queen's Birthday Holiday,No Settlement,,
AU,8/3/2009,Bank Holiday,No Settlement,,
AU,10/4/2009,Daylight Saving Begins,No Settlement,,Weekend
AU,10/5/2009,Labour Day,No Settlement,,
AU,12/25/2009,Christmas Day,No Settlement,,
AU,12/26/2009,Boxing Day,No Settlement,,Weekend
AU,12/28/2009,Boxing Day (obs),No Settlement,,
TE,1/1/2008,New Year's Day,No Settlement,,
TE,3/21/2008,Good Friday,No Settlement,,
TE,3/24/2008,Easter Monday,No Settlement,,
TE,3/30/2008,Daylight Saving Begins,No Settlement,,Weekend
TE,5/1/2008,Labour Day,No Settlement,,
TE,10/26/2008,Daylight Saving Ends,No Settlement,,Weekend
TE,12/25/2008,Christmas Day,No Settlement,,
TE,12/26/2008,Christmas Holiday,No Settlement,,
FD,1/1/2008,New Year's Day,No Settlement,,
FD,1/21/2008,Martin L. King Day,No Settlement,,
FD,2/18/2008,Presidents' Day,No Settlement,,
FD,5/26/2008,Memorial Day,No Settlement,,
FD,7/4/2008,Independence Day,No Settlement,,
FD,9/1/2008,Labor Day,No Settlement,,
FD,10/13/2008,Columbus Day (exch Open),No Settlement,,
FD,11/11/2008,Veterans' Day (exch Open),No Settlement,,
FD,11/27/2008,Thanksgiving,No Settlement,,
FD,12/25/2008,Christmas Day,No Settlement,,
JN,1/1/2008,New Year's Day,No Settlement,,
JN,1/2/2008,New Year's Holiday,No Settlement,,
JN,1/3/2008,Bank Holiday,No Settlement,,
JN,1/14/2008,Coming-of-age Day,No Settlement,,
JN,2/11/2008,National Foundation Day,No Settlement,,
JN,3/20/2008,Vernal Equinox Day,No Settlement,,
JN,4/29/2008,Showa Day,No Settlement,,
JN,5/3/2008,Constitution Memorial Day,No Settlement,,Weekend
JN,5/4/2008,Greenery Day,No Settlement,,Weekend
JN,5/5/2008,Children's Day,No Settlement,,
JN,5/6/2008,National Holiday,No Settlement,,
JN,7/21/2008,Marine Day,No Settlement,,
JN,9/15/2008,Respect-for-the-aged Day,No Settlement,,
JN,9/23/2008,Autumnal Equinox Day,No Settlement,,
JN,10/13/2008,Health-sports Day,No Settlement,,
JN,11/3/2008,Culture Day,No Settlement,,
JN,11/24/2008,Labor Thanksgiving (obs),No Settlement,,
JN,12/23/2008,Emperor's Birthday,No Settlement,,
JN,12/31/2008,Bank Holiday,No Settlement,,
SZ,1/1/2008,New Year's Day,No Settlement,,
SZ,1/2/2008,Last Working Day Of Year,No Settlement,,
SZ,3/21/2008,Good Friday,No Settlement,,
SZ,3/24/2008,Easter Monday,No Settlement,,
SZ,5/1/2008,Labour Day,No Settlement,,
SZ,5/12/2008,Whit Monday,No Settlement,,
SZ,8/1/2008,National Day,No Settlement,,
SZ,12/25/2008,Christmas Day,No Settlement,,
SZ,12/26/2008,Christmas Holiday,No Settlement,,
GB,1/1/2008,Bank Holiday,No Settlement,,
GB,3/21/2008,Good Friday,No Settlement,,
GB,3/24/2008,Easter Monday,No Settlement,,
GB,3/30/2008,Daylight Saving Begins,No Settlement,,Weekend
GB,5/5/2008,May Day,No Settlement,,
GB,5/26/2008,Spring Bank Holiday,No Settlement,,
GB,8/25/2008,Summer Bank Holiday,No Settlement,,
GB,10/26/2008,Daylight Saving Ends,No Settlement,,Weekend
GB,12/25/2008,Christmas Day,No Settlement,,
GB,12/26/2008,Boxing Day,No Settlement,,
CA,1/1/2008,New Year's Day,No Settlement,,
CA,3/9/2008,Daylight Saving Begins,No Settlement,,Weekend
CA,3/21/2008,Good Friday,No Settlement,,
CA,5/19/2008,Victoria Day,No Settlement,,
CA,7/1/2008,Canada Day,No Settlement,,
CA,8/4/2008,Civic Holiday,No Settlement,,
CA,9/1/2008,Labor Day,No Settlement,,
CA,10/13/2008,Thanksgiving,No Settlement,,
CA,11/2/2008,Daylight Saving Ends,No Settlement,,Weekend
CA,11/11/2008,Remembrance Day-exch Open,No Settlement,,
CA,12/25/2008,Christmas Day,No Settlement,,
CA,12/26/2008,Boxing Day,No Settlement,,
AU,1/1/2008,New Year's Day,No Settlement,,
AU,1/28/2008,Australia Day Holiday,No Settlement,,
AU,3/21/2008,Good Friday,No Settlement,,
AU,3/24/2008,Easter Monday,No Settlement,,
AU,4/6/2008,Daylight Saving Ends,No Settlement,,Weekend
AU,4/25/2008,Anzac Day,No Settlement,,
AU,6/9/2008,Queen's Birthday Holiday,No Settlement,,
AU,8/4/2008,Bank Holiday,No Settlement,,
AU,10/5/2008,Daylight Saving Begins,No Settlement,,Weekend
AU,10/6/2008,Labour Day,No Settlement,,
AU,12/25/2008,Christmas Day,No Settlement,,
AU,12/26/2008,Boxing Day,No Settlement,,
TE,1/1/2007,New Year's Day,No Settlement,,
TE,3/25/2007,Daylight Saving Begins,No Settlement,,Weekend
TE,4/6/2007,Good Friday,No Settlement,,
TE,4/9/2007,Easter Monday,No Settlement,,
TE,5/1/2007,Labour Day,No Settlement,,
TE,10/28/2007,Daylight Saving Ends,No Settlement,,Weekend
TE,12/25/2007,Christmas Day,No Settlement,,
TE,12/26/2007,Christmas Holiday,No Settlement,,
FD,1/1/2007,New Year's Day,No Settlement,,
FD,1/15/2007,Martin L. King Day,No Settlement,,
FD,2/19/2007,Presidents' Day,No Settlement,,
FD,5/28/2007,Memorial Day,No Settlement,,
FD,7/4/2007,Independence Day,No Settlement,,
FD,9/3/2007,Labor Day,No Settlement,,
FD,10/8/2007,Columbus Day (exch Open),No Settlement,,
FD,11/12/2007,Veterans' Day (exch Open),No Settlement,,
FD,11/22/2007,Thanksgiving,No Settlement,,
FD,12/25/2007,Christmas Day,No Settlement,,
JN,1/1/2007,New Year's Day,No Settlement,,
JN,1/2/2007,Bank Holiday,No Settlement,,
JN,1/3/2007,Bank Holiday,No Settlement,,
JN,1/8/2007,Coming-of-age Day,No Settlement,,
JN,2/12/2007,Natl Foundation Day (obs),No Settlement,,
JN,3/21/2007,Vernal Equinox Day,No Settlement,,
JN,4/30/2007,Showa Day (obs),No Settlement,,
JN,5/3/2007,Constitution Memorial Day,No Settlement,,
JN,5/4/2007,Greenery Day,No Settlement,,
JN,5/5/2007,Children's Day,No Settlement,,Weekend
JN,7/16/2007,Marine Day,No Settlement,,
JN,9/17/2007,Respect-for-the-aged Day,No Settlement,,
JN,9/24/2007,Autumnal Equinox Day (obs),No Settlement,,
JN,10/8/2007,Health-sports Day,No Settlement,,
JN,11/3/2007,Culture Day,No Settlement,,Weekend
JN,11/23/2007,Labor Thanksgiving Day,No Settlement,,
JN,12/24/2007,Emperor's Birthday (obs),No Settlement,,
JN,12/31/2007,Bank Holiday,No Settlement,,
SZ,1/1/2007,New Year's Day,No Settlement,,
SZ,1/2/2007,Last Working Day Of Year,No Settlement,,
SZ,4/6/2007,Good Friday,No Settlement,,
SZ,4/9/2007,Easter Monday,No Settlement,,
SZ,5/1/2007,Labour Day,No Settlement,,
SZ,5/17/2007,Ascension,No Settlement,,
SZ,5/28/2007,Whit Monday,No Settlement,,
SZ,8/1/2007,National Day,No Settlement,,
SZ,12/25/2007,Christmas Day,No Settlement,,
SZ,12/26/2007,Christmas Holiday,No Settlement,,
GB,1/1/2007,Bank Holiday,No Settlement,,
GB,3/25/2007,Daylight Saving Begins,No Settlement,,Weekend
GB,4/6/2007,Good Friday,No Settlement,,
GB,4/9/2007,Easter Monday,No Settlement,,
GB,5/7/2007,May Day,No Settlement,,
GB,5/28/2007,Spring Bank Holiday,No Settlement,,
GB,8/27/2007,Summer Bank Holiday,No Settlement,,
GB,10/28/2007,Daylight Saving Ends,No Settlement,,Weekend
GB,12/25/2007,Christmas Day,No Settlement,,
GB,12/26/2007,Boxing Day,No Settlement,,
CA,1/1/2007,New Year's Day,No Settlement,,
CA,3/11/2007,Daylight Saving Begins,No Settlement,,Weekend
CA,4/6/2007,Good Friday,No Settlement,,
CA,5/21/2007,Victoria Day,No Settlement,,
CA,7/2/2007,Canada Day,No Settlement,,
CA,8/6/2007,Civic Holiday,No Settlement,,
CA,9/3/2007,Labor Day,No Settlement,,
CA,10/8/2007,Thanksgiving,No Settlement,,
CA,11/4/2007,Daylight Saving Ends,No Settlement,,Weekend
CA,11/12/2007,Remembrance Day-exch Open,No Settlement,,
CA,12/25/2007,Christmas Day,No Settlement,,
CA,12/26/2007,Boxing Day,No Settlement,,
AU,1/1/2007,New Year's Day,No Settlement,,
AU,1/26/2007,Australia Day Holiday,No Settlement,,
AU,3/25/2007,Daylight Saving Ends,No Settlement,,Weekend
AU,4/6/2007,Good Friday,No Settlement,,
AU,4/9/2007,Easter Monday,No Settlement,,
AU,4/25/2007,Anzac Day,No Settlement,,
AU,6/11/2007,Queen's Birthday Holiday,No Settlement,,
AU,8/6/2007,Bank Holiday,No Settlement,,
AU,9/7/2007,Apec Summit,No Settlement,,
AU,10/1/2007,Labour Day,No Settlement,,
AU,10/28/2007,Daylight Saving Begins,No Settlement,,Weekend
AU,12/25/2007,Christmas Day,No Settlement,,
AU,12/26/2007,Boxing Day,No Settlement,,
TE,1/1/2006,New Year's Day,No Settlement,,Weekend
TE,3/26/2006,Daylight Saving Begins,No Settlement,,Weekend
TE,4/14/2006,Good Friday,No Settlement,,
TE,4/17/2006,Easter Monday,No Settlement,,
TE,5/1/2006,Labour Day,No Settlement,,
TE,10/29/2006,Daylight Saving Ends,No Settlement,,Weekend
TE,12/25/2006,Christmas Day,No Settlement,,
TE,12/26/2006,Christmas Holiday,No Settlement,,
FD,1/2/2006,New Years Day (obs),No Settlement,,
FD,1/16/2006,Martin L. King Day,No Settlement,,
FD,2/20/2006,Presidents' Day,No Settlement,,
FD,5/29/2006,Memorial Day,No Settlement,,
FD,7/4/2006,Independence Day,No Settlement,,
FD,9/4/2006,Labor Day,No Settlement,,
FD,10/9/2006,Columbus Day (exch Open),No Settlement,,
FD,11/23/2006,Thanksgiving,No Settlement,,
FD,12/25/2006,Christmas Day,No Settlement,,
JN,1/1/2006,New Year's Day,No Settlement,,Weekend
JN,1/2/2006,New Year's Holiday,No Settlement,,
JN,1/3/2006,New Year's Holiday,No Settlement,,
JN,1/9/2006,Coming-of-age Day,No Settlement,,
JN,2/11/2006,National Foundation Day,No Settlement,,Weekend
JN,3/21/2006,Vernal Equinox Day,No Settlement,,
JN,4/29/2006,Greenery Day,No Settlement,,Weekend
JN,5/3/2006,Constitution Memorial Day,No Settlement,,
JN,5/4/2006,National Holiday,No Settlement,,
JN,5/5/2006,Children's Day,No Settlement,,
JN,7/17/2006,Marine Day,No Settlement,,
JN,9/18/2006,Respect-for-the-aged Day,No Settlement,,
JN,9/23/2006,Autumnal Equinox Day,No Settlement,,Weekend
JN,10/9/2006,Health-sports Day,No Settlement,,
JN,11/3/2006,Culture Day,No Settlement,,
JN,11/23/2006,Labor Thanksgiving Day,No Settlement,,
JN,12/23/2006,Emperor's Birthday,No Settlement,,Weekend
SZ,1/2/2006,Last Working Day Of Year,No Settlement,,
SZ,4/14/2006,Good Friday,No Settlement,,
SZ,4/17/2006,Easter Monday,No Settlement,,
SZ,5/1/2006,Labour Day,No Settlement,,
SZ,5/25/2006,Ascension,No Settlement,,
SZ,6/5/2006,Whit Monday,No Settlement,,
SZ,8/1/2006,National Day,No Settlement,,
SZ,12/25/2006,Christmas Day,No Settlement,,
SZ,12/26/2006,Christmas Holiday,No Settlement,,
GB,1/2/2006,Bank Holiday,No Settlement,,
GB,3/26/2006,Daylight Saving Begins,No Settlement,,Weekend
GB,4/14/2006,Good Friday,No Settlement,,
GB,4/17/2006,Easter Monday,No Settlement,,
GB,5/1/2006,May Day,No Settlement,,
GB,5/29/2006,Spring Bank Holiday,No Settlement,,
GB,8/28/2006,Summer Bank Holiday,No Settlement,,
GB,10/29/2006,Daylight Saving Ends,No Settlement,,Weekend
GB,12/25/2006,Christmas Day,No Settlement,,
GB,12/26/2006,Boxing Day,No Settlement,,
CA,1/2/2006,New Years Day (obs),No Settlement,,
CA,4/2/2006,Daylight Saving Begins,No Settlement,,Weekend
CA,4/14/2006,Good Friday,No Settlement,,
CA,5/22/2006,Victoria Day,No Settlement,,
CA,7/3/2006,Canada Day,No Settlement,,
CA,8/7/2006,Civic Holiday,No Settlement,,
CA,9/4/2006,Labor Day,No Settlement,,
CA,10/9/2006,Thanksgiving,No Settlement,,
CA,10/29/2006,Daylight Saving Ends,No Settlement,,Weekend
CA,11/13/2006,Remembrance Day-exch Open,No Settlement,,
CA,12/25/2006,Christmas Day,No Settlement,,
CA,12/26/2006,Boxing Day,No Settlement,,
AU,1/1/2006,New Year's Day,No Settlement,,Weekend
AU,1/2/2006,New Years Day (obs),No Settlement,,
AU,1/26/2006,Australia Day Holiday,No Settlement,,
AU,4/14/2006,Good Friday,No Settlement,,
AU,4/17/2006,Easter Monday,No Settlement,,
AU,4/25/2006,Anzac Day,No Settlement,,
AU,6/12/2006,Queen's Birthday Holiday,No Settlement,,
AU,8/7/2006,Bank Holiday (nsw),No Settlement,,
AU,10/2/2006,Labour Day (nsw),No Settlement,,
AU,10/29/2006,Daylight Saving Begins,No Settlement,,Weekend
AU,12/25/2006,Christmas Day,No Settlement,,
AU,12/26/2006,Boxing Day,No Settlement,,
TE,1/1/2017,New Year's Day,No Settlement,,Weekend
TE,3/26/2017,Daylight Saving Begins,No Settlement,,Weekend
TE,4/14/2017,Good Friday,No Settlement,,
TE,4/17/2017,Easter Monday,No Settlement,,
TE,5/1/2017,Labour Day,No Settlement,,
TE,10/29/2017,Daylight Saving Ends,No Settlement,,Weekend
TE,12/25/2017,Christmas Day,No Settlement,,
TE,12/26/2017,Christmas Holiday,No Settlement,,
FD,1/2/2017,New Years Day (obs),No Settlement,,
FD,1/16/2017,Martin L. King Day,No Settlement,,
FD,2/20/2017,Presidents' Day,No Settlement,,
FD,5/29/2017,Memorial Day,No Settlement,,
FD,7/4/2017,Independence Day,No Settlement,,
FD,9/4/2017,Labor Day,No Settlement,,
FD,10/9/2017,Columbus Day (exch Open),No Settlement,,
FD,11/23/2017,Thanksgiving,No Settlement,,
FD,12/25/2017,Christmas Day,No Settlement,,
JN,1/1/2017,New Year's Day,No Settlement,,Weekend
JN,1/2/2017,New Year's Day (obs),No Settlement,,
JN,1/3/2017,Bank Holiday,No Settlement,,
JN,1/9/2017,Coming-of-age Day,No Settlement,,
JN,2/11/2017,National Foundation Day,No Settlement,,Weekend
JN,3/20/2017,Vernal Equinox Day,No Settlement,,
JN,4/29/2017,Showa Day,No Settlement,,Weekend
JN,5/3/2017,Constitution Memorial Day,No Settlement,,
JN,5/4/2017,Greenery Day,No Settlement,,
JN,5/5/2017,Children's Day,No Settlement,,
JN,7/17/2017,Marine Day,No Settlement,,
JN,8/11/2017,Mountain Day,No Settlement,,
JN,9/18/2017,Respect-for-the-aged Day,No Settlement,,
JN,9/23/2017,Autumnal Equinox Day,No Settlement,,Weekend
JN,10/9/2017,Health-sports Day,No Settlement,,
JN,11/3/2017,Culture Day,No Settlement,,
JN,11/23/2017,Labor Thanksgiving Day,No Settlement,,
JN,12/23/2017,Emperor's Birthday,No Settlement,,Weekend
JN,12/31/2017,Bank Holiday,No Settlement,,Weekend
SZ,1/1/2017,New Year's Day,No Settlement,,Weekend
SZ,1/2/2017,Berchtold's Day,No Settlement,,
SZ,4/14/2017,Good Friday,No Settlement,,
SZ,4/17/2017,Easter Monday,No Settlement,,
SZ,5/1/2017,Labor Day,No Settlement,,
SZ,5/25/2017,Ascension,No Settlement,,
SZ,6/5/2017,Whit Monday,No Settlement,,
SZ,8/1/2017,National Day,No Settlement,,
SZ,12/25/2017,Christmas Day,No Settlement,,
SZ,12/26/2017,St. Stephen's Day,No Settlement,,
GB,1/2/2017,New Years Day (obs),No Settlement,,
GB,3/26/2017,Daylight Saving Begins,No Settlement,,Weekend
GB,4/14/2017,Good Friday,No Settlement,,
GB,4/17/2017,Easter Monday,No Settlement,,
GB,5/1/2017,Early May Bank Holiday,No Settlement,,
GB,5/29/2017,Spring Bank Holiday,No Settlement,,
GB,8/28/2017,Summer Bank Holiday,No Settlement,,
GB,10/29/2017,Daylight Saving Ends,No Settlement,,Weekend
GB,12/25/2017,Christmas Day,No Settlement,,
GB,12/26/2017,Boxing Day,No Settlement,,
AU,1/2/2017,New Year's Day,No Settlement,,
AU,1/26/2017,Australia Day Holiday,No Settlement,,
AU,4/2/2017,Daylight Saving Ends,No Settlement,,Weekend
AU,4/14/2017,Good Friday,No Settlement,,
AU,4/17/2017,Easter Monday,No Settlement,,
AU,4/25/2017,Anzac Day,No Settlement,,
AU,6/12/2017,Queen's Birthday Holiday,No Settlement,,
AU,8/7/2017,Bank Holiday,No Settlement,,
AU,10/1/2017,Daylight Saving Begins,No Settlement,,Weekend
AU,10/2/2017,Labour Day,No Settlement,,
AU,12/25/2017,Christmas Day,No Settlement,,
AU,12/26/2017,Boxing Day,No Settlement,,
CA,1/2/2017,New Years Day (obs),No Settlement,,
CA,2/20/2017,Family Day,No Settlement,,
CA,4/14/2017,Good Friday,No Settlement,,
CA,5/22/2017,Victoria Day,No Settlement,,
CA,7/3/2017,Canada Day,No Settlement,,
CA,8/7/2017,Civic Holiday,No Settlement,,
CA,9/4/2017,Labor Day,No Settlement,,
CA,10/9/2017,Thanksgiving,No Settlement,,
CA,11/13/2017,Remembrance Day-exch Open,No Settlement,,
CA,12/25/2017,Christmas Day,No Settlement,,
CA,12/26/2017,Boxing Day (obs),No Settlement,,
TE,1/1/2016,New Year's Day,No Settlement,,
TE,3/25/2016,Good Friday,No Settlement,,
TE,3/27/2016,Daylight Saving Begins,No Settlement,,Weekend
TE,3/28/2016,Easter Monday,No Settlement,,
TE,5/1/2016,Labour Day,No Settlement,,Weekend
TE,10/30/2016,Daylight Saving Ends,No Settlement,,Weekend
TE,12/25/2016,Christmas Day,No Settlement,,Weekend
TE,12/26/2016,Christmas Holiday,No Settlement,,
FD,1/1/2016,New Year's Day,No Settlement,,
FD,1/18/2016,Martin L. King Day,No Settlement,,
FD,2/15/2016,Presidents' Day,No Settlement,,
FD,5/30/2016,Memorial Day,No Settlement,,
FD,7/4/2016,Independence Day,No Settlement,,
FD,9/5/2016,Labor Day,No Settlement,,
FD,10/10/2016,Columbus Day (exch Open),No Settlement,,
FD,11/11/2016,Veterans' Day (exch Open),No Settlement,,
FD,11/24/2016,Thanksgiving,No Settlement,,
FD,12/26/2016,Christmas Day (obs),No Settlement,,
JN,1/1/2016,New Year's Day,No Settlement,,
JN,1/2/2016,Bank Holiday,No Settlement,,Weekend
JN,1/3/2016,Bank Holiday,No Settlement,,Weekend
JN,1/11/2016,Coming-of-age Day,No Settlement,,
JN,2/11/2016,National Foundation Day,No Settlement,,
JN,3/20/2016,Vernal Equinox Day,No Settlement,,Weekend
JN,3/21/2016,Vernal Equinox Day (obs),No Settlement,,
JN,4/29/2016,Showa Day,No Settlement,,
JN,5/3/2016,Constitution Memorial Day,No Settlement,,
JN,5/4/2016,Greenery Day,No Settlement,,
JN,5/5/2016,Children's Day,No Settlement,,
JN,7/18/2016,Marine Day,No Settlement,,
JN,8/11/2016,Mountain Day,No Settlement,,
JN,9/19/2016,Respect-for-the-aged Day,No Settlement,,
JN,9/22/2016,Autumnal Equinox Day,No Settlement,,
JN,10/10/2016,Health-sports Day,No Settlement,,
JN,11/3/2016,Culture Day,No Settlement,,
JN,11/23/2016,Labor Thanksgiving Day,No Settlement,,
JN,12/23/2016,Emperor's Birthday,No Settlement,,
JN,12/31/2016,Bank Holiday,No Settlement,,Weekend
SZ,1/1/2016,New Year's Day,No Settlement,,
SZ,1/2/2016,Berchtold's Day,No Settlement,,Weekend
SZ,3/25/2016,Good Friday,No Settlement,,
SZ,3/28/2016,Easter Monday,No Settlement,,
SZ,5/1/2016,Labor Day,No Settlement,,Weekend
SZ,5/5/2016,Ascension,No Settlement,,
SZ,5/16/2016,Whit Monday,No Settlement,,
SZ,8/1/2016,National Day,No Settlement,,
SZ,12/25/2016,Christmas Day,No Settlement,,Weekend
SZ,12/26/2016,St. Stephen's Day,No Settlement,,
GB,1/1/2016,New Year's Day,No Settlement,,
GB,3/25/2016,Good Friday,No Settlement,,
GB,3/27/2016,Daylight Saving Begins,No Settlement,,Weekend
GB,3/28/2016,Easter Monday,No Settlement,,
GB,5/2/2016,Early May Bank Holiday,No Settlement,,
GB,5/30/2016,Spring Bank Holiday,No Settlement,,
GB,8/29/2016,Summer Bank Holiday,No Settlement,,
GB,10/30/2016,Daylight Saving Ends,No Settlement,,Weekend
GB,12/26/2016,Boxing Day,No Settlement,,
GB,12/27/2016,Christmas Day (obs),No Settlement,,
AU,1/1/2016,New Year's Day,No Settlement,,
AU,1/26/2016,Australia Day Holiday,No Settlement,,
AU,3/25/2016,Good Friday,No Settlement,,
AU,3/28/2016,Easter Monday,No Settlement,,
AU,4/3/2016,Daylight Saving Ends,No Settlement,,Weekend
AU,4/25/2016,Anzac Day,No Settlement,,
AU,6/13/2016,Queen's Birthday Holiday,No Settlement,,
AU,8/1/2016,Bank Holiday,No Settlement,,
AU,10/2/2016,Daylight Saving Begins,No Settlement,,Weekend
AU,10/3/2016,Labour Day,No Settlement,,
AU,12/26/2016,Boxing Day,No Settlement,,
AU,12/27/2016,Christmas Day,No Settlement,,
CA,1/1/2016,New Year's Day,No Settlement,,
CA,2/15/2016,Family Day,No Settlement,,
CA,3/25/2016,Good Friday,No Settlement,,
CA,5/23/2016,Victoria Day,No Settlement,,
CA,7/1/2016,Canada Day,No Settlement,,
CA,8/1/2016,Civic Holiday,No Settlement,,
CA,9/5/2016,Labor Day,No Settlement,,
CA,10/10/2016,Thanksgiving,No Settlement,,
CA,11/11/2016,Remembrance Day-exch Open,No Settlement,,
CA,12/26/2016,Christmas Day (obs),No Settlement,,
CA,12/27/2016,Boxing Day (obs),No Settlement,,
TE,1/1/2015,New Year's Day,No Settlement,,
TE,3/29/2015,Daylight Saving Begins,No Settlement,,Weekend
TE,4/3/2015,Good Friday,No Settlement,,
TE,4/6/2015,Easter Monday,No Settlement,,
TE,5/1/2015,Labour Day,No Settlement,,
TE,10/25/2015,Daylight Saving Ends,No Settlement,,Weekend
TE,12/25/2015,Christmas Day,No Settlement,,
TE,12/26/2015,Christmas Holiday,No Settlement,,Weekend
FD,1/1/2015,New Year's Day,No Settlement,,
FD,1/19/2015,Martin L. King Day,No Settlement,,
FD,2/16/2015,Presidents' Day,No Settlement,,
FD,5/25/2015,Memorial Day,No Settlement,,
FD,7/4/2015,Independence Day,No Settlement,,Weekend
FD,9/7/2015,Labor Day,No Settlement,,
FD,10/12/2015,Columbus Day (exch Open),No Settlement,,
FD,11/11/2015,Veterans' Day (exch Open),No Settlement,,
FD,11/26/2015,Thanksgiving,No Settlement,,
FD,12/25/2015,Christmas Day,No Settlement,,
JN,1/1/2015,New Year's Day,No Settlement,,
JN,1/2/2015,Bank Holiday,No Settlement,,
JN,1/3/2015,Bank Holiday,No Settlement,,Weekend
JN,1/12/2015,Coming-of-age Day,No Settlement,,
JN,2/11/2015,National Foundation Day,No Settlement,,
JN,3/21/2015,Vernal Equinox Day,No Settlement,,Weekend
JN,4/29/2015,Showa Day,No Settlement,,
JN,5/3/2015,Constitution Memorial Day,No Settlement,,Weekend
JN,5/4/2015,Greenery Day,No Settlement,,
JN,5/5/2015,Children's Day,No Settlement,,
JN,5/6/2015,National Holiday,No Settlement,,
JN,7/20/2015,Marine Day,No Settlement,,
JN,9/21/2015,Respect-for-the-aged Day,No Settlement,,
JN,9/22/2015,National Holiday,No Settlement,,
JN,9/23/2015,Autumnal Equinox Day,No Settlement,,
JN,10/12/2015,Health-sports Day,No Settlement,,
JN,11/3/2015,Culture Day,No Settlement,,
JN,11/23/2015,Labor Thanksgiving Day,No Settlement,,
JN,12/23/2015,Emperor's Birthday,No Settlement,,
JN,12/31/2015,Bank Holiday,No Settlement,,
SZ,1/1/2015,New Year's Day,No Settlement,,
SZ,1/2/2015,Berchtold's Day,No Settlement,,
SZ,4/3/2015,Good Friday,No Settlement,,
SZ,4/6/2015,Easter Monday,No Settlement,,
SZ,5/1/2015,Labor Day,No Settlement,,
SZ,5/14/2015,Ascension,No Settlement,,
SZ,5/25/2015,Whit Monday,No Settlement,,
SZ,8/1/2015,National Day,No Settlement,,Weekend
SZ,12/25/2015,Christmas Day,No Settlement,,
SZ,12/26/2015,St. Stephen's Day,No Settlement,,Weekend
GB,1/1/2015,Bank Holiday,No Settlement,,
GB,3/29/2015,Daylight Saving Begins,No Settlement,,Weekend
GB,4/3/2015,Good Friday,No Settlement,,
GB,4/6/2015,Easter Monday,No Settlement,,
GB,5/4/2015,May Day,No Settlement,,
GB,5/25/2015,Spring Bank Holiday,No Settlement,,
GB,8/31/2015,Summer Bank Holiday,No Settlement,,
GB,10/25/2015,Daylight Saving Ends,No Settlement,,Weekend
GB,12/25/2015,Christmas Day,No Settlement,,
GB,12/28/2015,Boxing Day (obs),No Settlement,,
AU,1/1/2015,New Year's Day,No Settlement,,
AU,1/26/2015,Australia Day Holiday,No Settlement,,
AU,4/3/2015,Good Friday,No Settlement,,
AU,4/5/2015,Daylight Saving Ends,No Settlement,,Weekend
AU,4/6/2015,Easter Monday,No Settlement,,
AU,4/25/2015,Anzac Day,No Settlement,,Weekend
AU,6/8/2015,Queen's Birthday Holiday,No Settlement,,
AU,8/3/2015,Bank Holiday,No Settlement,,
AU,10/4/2015,Daylight Saving Begins,No Settlement,,Weekend
AU,10/5/2015,Labour Day,No Settlement,,
AU,12/25/2015,Christmas Day,No Settlement,,
AU,12/28/2015,Boxing Day,No Settlement,,
CA,1/1/2015,New Year's Day,No Settlement,,
CA,2/16/2015,Family Day,No Settlement,,
CA,4/3/2015,Good Friday,No Settlement,,
CA,5/18/2015,Victoria Day,No Settlement,,
CA,7/1/2015,Canada Day,No Settlement,,
CA,8/3/2015,Civic Holiday,No Settlement,,
CA,9/7/2015,Labor Day,No Settlement,,
CA,10/12/2015,Thanksgiving,No Settlement,,
CA,11/11/2015,Remembrance Day-exch Open,No Settlement,,
CA,12/25/2015,Christmas Day,No Settlement,,
CA,12/28/2015,Boxing Day (obs),No Settlement,,
TE,1/1/2020,New Year's Day,No Settlement,,
TE,3/28/2020,Daylight Saving Begins,No Settlement,,Weekend
TE,4/10/2020,Good Friday,No Settlement,,
TE,4/13/2020,Easter Monday,No Settlement,,
TE,5/1/2020,Labour Day,No Settlement,,
TE,10/31/2020,Daylight Saving Ends,No Settlement,,Weekend
TE,12/25/2020,Christmas Day,No Settlement,,
TE,12/26/2020,Christmas Holiday,No Settlement,,Weekend
FD,1/1/2020,New Year's Day,No Settlement,,
FD,1/20/2020,Martin L. King Day,No Settlement,,
FD,2/17/2020,Presidents' Day,No Settlement,,
FD,5/25/2020,Memorial Day,No Settlement,,
FD,7/4/2020,Independence Day,No Settlement,,Weekend
FD,9/7/2020,Labor Day,No Settlement,,
FD,10/12/2020,Columbus Day (exch Open),No Settlement,,
FD,11/11/2020,Veterans' Day (exch Open),No Settlement,,
FD,11/26/2020,Thanksgiving,No Settlement,,
FD,12/25/2020,Christmas Day,No Settlement,,
JN,1/1/2020,New Year's Day,No Settlement,,
JN,1/2/2020,New Year's Day,No Settlement,,
JN,1/3/2020,Bank Holiday,No Settlement,,
JN,1/13/2020,Coming-of-age Day,No Settlement,,
JN,2/11/2020,National Foundation Day,No Settlement,,
JN,2/23/2020,Emperor's Birthday,No Settlement,,Weekend
JN,2/24/2020,Emperor's Birthday (obs),No Settlement,,
JN,3/20/2020,Vernal Equinox Day,No Settlement,,
JN,4/29/2020,Showa Day,No Settlement,,
JN,5/3/2020,Constitution Memorial Day,No Settlement,,Weekend
JN,5/4/2020,Greenery Day,No Settlement,,
JN,5/5/2020,Children's Day,No Settlement,,
JN,5/6/2020,National Holiday,No Settlement,,
JN,7/23/2020,Marine Day,No Settlement,,
JN,7/24/2020,Health-sports Day,No Settlement,,
JN,8/10/2020,Mountain Day,No Settlement,,
JN,9/21/2020,Respect-for-the-aged Day,No Settlement,,
JN,9/22/2020,Autumnal Equinox Day,No Settlement,,
JN,11/3/2020,Culture Day,No Settlement,,
JN,11/23/2020,Labor Thanksgiving Day,No Settlement,,
JN,12/31/2020,Bank Holiday,No Settlement,,
SZ,1/1/2020,New Year's Day,No Settlement,,
SZ,1/2/2020,Berchtold's Day,No Settlement,,
SZ,4/10/2020,Good Friday,No Settlement,,
SZ,4/13/2020,Easter Monday,No Settlement,,
SZ,5/1/2020,Labor Day,No Settlement,,
SZ,5/21/2020,Ascension,No Settlement,,
SZ,6/1/2020,Whit Monday,No Settlement,,
SZ,12/25/2020,Christmas Day,No Settlement,,
GB,1/1/2020,Bank Holiday,No Settlement,,
GB,4/10/2020,Good Friday,No Settlement,,
GB,4/13/2020,Easter Monday,No Settlement,,
GB,5/8/2020,May Day,No Settlement,,
GB,5/25/2020,Spring Bank Holiday,No Settlement,,
GB,8/31/2020,Summer Bank Holiday,No Settlement,,
GB,12/25/2020,Christmas Day,No Settlement,,
GB,12/28/2020,Boxing Day (obs),No Settlement,,
AU,1/1/2020,New Year's Day,No Settlement,,
AU,1/27/2020,Australia Day Holiday,No Settlement,,
AU,4/10/2020,Good Friday,No Settlement,,
AU,4/13/2020,Easter Monday,No Settlement,,
AU,6/8/2020,Queen's Birthday Holiday,No Settlement,,
AU,8/3/2020,Bank Holiday,No Settlement,,
AU,10/5/2020,Labour Day,No Settlement,,
AU,12/25/2020,Christmas Day,No Settlement,,
AU,12/28/2020,Boxing Day,No Settlement,,
CA,1/1/2020,New Year's Day,No Settlement,,
CA,2/17/2020,Family Day,No Settlement,,
CA,4/10/2020,Good Friday,No Settlement,,
CA,5/18/2020,Victoria Day,No Settlement,,
CA,7/1/2020,Canada Day,No Settlement,,
CA,8/3/2020,Civic Holiday,No Settlement,,
CA,9/7/2020,Labor Day,No Settlement,,
CA,10/12/2020,Thanksgiving,No Settlement,,
CA,11/11/2020,Remembrance Day-exch Open,No Settlement,,
CA,12/25/2020,Christmas Day,No Settlement,,
CA,12/28/2020,Boxing Day (obs),No Settlement,,
